{
    "0": {
        "precision": 0.9718004338394793,
        "recall": 0.9992565055762082,
        "f1-score": 0.9853372434017595,
        "support": 1345.0
    },
    "1": {
        "precision": 0.9990029910269193,
        "recall": 0.962536023054755,
        "f1-score": 0.980430528375734,
        "support": 1041.0
    },
    "accuracy": 0.9832355406538139,
    "macro avg": {
        "precision": 0.9854017124331993,
        "recall": 0.9808962643154816,
        "f1-score": 0.9828838858887468,
        "support": 2386.0
    },
    "weighted avg": {
        "precision": 0.983668775009691,
        "recall": 0.9832355406538139,
        "f1-score": 0.9831964679021399,
        "support": 2386.0
    }
}